total_return_pct,cagr_pct,sharpe_ratio,max_drawdown_pct,calmar_ratio,n_trades,win_rate_pct,profit_factor,avg_win_usd,avg_loss_usd,sl_hits,tp_hits,total_costs_usd,asset,capital_share
-51.18986103599803,-26.534235672483863,-1.5791243303359723,-51.18986103599802,-0.5183494374759937,361.0,34.903047091412745,0.9565905307958782,51.699821612364204,-28.97781596353515,235.0,126.0,3504.5655557710706,BTC,0.4
-73.75972286766094,-43.73940439535943,-3.058180999714014,-74.38076616562428,-0.5880472419168757,423.0,22.69503546099291,0.6955111069944239,46.12944388825937,-19.471420219208905,327.0,96.0,1286.0095120837589,ETH,0.35
-53.32997511540889,-27.936783658139174,-1.632624107089552,-57.12735271464212,-0.4890264003250196,432.0,25.462962962962965,0.7859333532356216,33.451295060255774,-14.539987390003354,322.0,110.0,662.5656339346876,SOL,0.25
-59.62434119693276,-32.28826956212713,-3.437522178241733,-60.06690263966949,-0.537538447018296,,,,,,,,,PORTFOLIO,1.0
