total_return_pct,cagr_pct,sharpe_ratio,max_drawdown_pct,calmar_ratio,n_trades,win_rate_pct,profit_factor,avg_win_usd,avg_loss_usd,sl_hits,tp_hits,total_costs_usd,version
75.73696457265325,27.429785765657577,1.4085751945824618,-15.481702897432351,1.7717550806511615,361,34.903047091412745,1.2855008113396593,270.646464648274,-112.8840769719881,235,126,0.0,V1 Base
-13.690227991076952,-6.133406183058554,-0.2538834624733474,-27.352639052548465,-0.22423453076229222,361,34.903047091412745,1.0883598567747481,176.81551921490436,-87.10649696206077,235,126,6356.501502810541,V2 +Costi
75.73696457265325,27.429785765657577,1.4085751945824618,-15.481702897432351,1.7717550806511615,361,34.903047091412745,1.2855008113396593,270.646464648274,-112.8840769719881,235,126,0.0,V3 +GARCH
-13.690227991076952,-6.133406183058554,-0.2538834624733474,-27.352639052548465,-0.22423453076229222,361,34.903047091412745,1.0883598567747481,176.81551921490436,-87.10649696206077,235,126,6356.501502810541,V4 +GARCH+Costi
