total_return_pct,cagr_pct,sharpe_ratio,max_drawdown_pct,calmar_ratio,n_trades,win_rate_pct,profit_factor,avg_win_usd,avg_loss_usd,sl_hits,tp_hits,total_costs_usd,version
20.769860914413375,8.45146574211524,0.6023401770578071,-19.924131838151197,0.42418238399387487,219,28.767123287671232,1.1249866866150953,296.7403924008967,-106.52345275522534,156,63,0.0,V1 Base
0.31277812843608643,0.1343491173342315,0.0848160598735096,-26.394889006255866,0.0050899671259231035,219,28.767123287671232,1.065811058135506,268.0458623156613,-101.56517867240294,156,63,2022.0711848215296,V2 +Costi
0.31277812843608643,0.1343491173342315,0.0848160598735096,-26.394889006255866,0.0050899671259231035,219,28.767123287671232,1.065811058135506,268.0458623156613,-101.56517867240294,156,63,2022.0711848215296,V4 +GARCH+Costi
17.404214091036117,7.141627583616228,0.531303580965374,-13.43688922083279,0.5314941178903018,199,31.65829145728643,1.18955550066068,270.64949394706855,-105.3960053664832,136,63,1951.4842038461866,V_Agent
