scenario,cagr,total_ret,max_dd,sharpe,n_trades,final_cap
V5 Baseline,27.51173323377971,76.16995656381147,-11.148543871180623,1.5580253784224163,278,17616.995656381147
S1: Win Rate −10%,8.97707675295023,22.17740844077547,-18.240773887659024,0.457261678088195,278,12217.740844077547
S2: Avg Loss +30%,6.808646375294614,16.5877545366526,-25.730881522001305,0.3118712473705074,278,11658.77545366526
S3: S1+S2 Combinati,-13.343703157777187,-28.373407053136436,-43.52795935284347,-0.5395539056662152,278,7162.659294686357
S4: Solo Short (Bear),-0.5364512948468625,-1.2454751435238332,-22.497447054893744,-0.04396900497697103,100,9875.452485647616
